title,name,adress,realAdress,departement,country,tel,email
BTS Assurance - Cerfal ,CFA Cerfal - Paris,15 rue Sarrette 75014 Paris France,15 rue Sarrette,75014 Paris,France,01 40 52 28 70,contact@cerfal.fr
istec (Istec Business School Paris) ,Campus Jemmapes ISTEC Paris,Campus Jemmapes 128 Quai de Jemmapes 75010 PARIS France,Campus Jemmapes,128 Quai de Jemmapes,75010 PARIS,01 40 40 20 30,info@istec.fr
Licence Pro. Révision Comptable - CFA SACEF ,CFA SACEF,5 rue Cadet 75009 PARIS France,5 rue Cadet,75009 PARIS,France,01 78 09 88 40,c.grebaut@cfasacef.fr
Toulouse School of Economics - TSE - Université Toulouse 1 Capitole (L’économie pour le bien commun) ,TSE,"1, Esplanade de l'Université 31080 TOULOUSE CEDEX 6 France","1, Esplanade de l'Université",31080 TOULOUSE CEDEX 6,France,05 61 63 36 90,tse-admissions@ut-capitole.fr
"Master Recherche Recherche 2 mention Études internationales et européennes, spécialité Sécurité internationale et défense En partenariat avec lUniversité Pierre Mendès France Grenoble II, diplôme d´État - ILERI - ILECI ",ILERI PARIS,7/11 avenue des Chasseurs 75017 PARIS France,7/11 avenue des Chasseurs,75017 PARIS,France,01 40 53 00 44,clementine.chaigne@ileri.fr
Cycle préparatoire à la formation d'ingénieur option responsable de chantier btp en alternance - CESI École d'Ingénieurs ,ANGOULÊME,Pôle d'excellence 40 route de la Croix du Milieu 16400 LA COURONNE France,Pôle d'excellence,40 route de la Croix du Milieu,16400 LA COURONNE,05 45 67 05 92,contact@cesi.fr
Cycle préparatoire à la formation d'ingénieur option responsable de chantier btp en alternance - CESI École d'Ingénieurs ,ARRAS,7 rue Diderot 62000 ARRAS France,7 rue Diderot,62000 ARRAS,France,03 21 51 67 18,contact@cesi.fr
Cycle préparatoire à la formation d'ingénieur option responsable de chantier btp en alternance - CESI École d'Ingénieurs ,LA ROCHELLE,Bâtiment Lab In'Tech 8 rue Isabelle Autissier 17140 LAGORD France,Bâtiment Lab In'Tech,8 rue Isabelle Autissier,17140 LAGORD,05 46 45 19 17,contact@cesi.fr
Cycle préparatoire à la formation d'ingénieur option responsable de chantier btp en alternance - CESI École d'Ingénieurs ,ROUEN,Madrillet Innovation 80 rue Edmund Halley 76800 ST ETIENNE DU ROUVRAY France,Madrillet Innovation,80 rue Edmund Halley,76800 ST ETIENNE DU ROUVRAY,02 32 81 85 60,contact@cesi.fr
Chambre de métiers et de l'artisanat Hauts-de-France (Centre de formation d’apprentis - Chambre de métiers et de l’artisanat du Nord) ,Tourcoing VIROLOIS,78 rue des Piats 59200 TOURCOING France,78 rue des Piats,59200 TOURCOING,France,09 72 72 72 07,contact@cma-hautsdefrance.fr
MBA ESG ,MBA ESG - PARIS,35 avenue Philippe Auguste 75011 PARIS France,35 avenue Philippe Auguste,75011 PARIS,France,,contact@mba-esg.com
DE Auxiliaire de Puériculture - Cerfal ,CFA Cerfal - Paris,15 rue Sarrette 75014 Paris France,15 rue Sarrette,75014 Paris,France,01 40 52 28 70,contact@cerfal.fr
Formation Décoration / scène d'intérieur - ITECOM Artdesign ,ITECOM ART DESIGN - NICE,"7, bld Prince De Galles 06000 NICE France","7, bld Prince De Galles",06000 NICE,France,04 93 53 06 60,contactnice@itecom-artdesign.com
Formation Décoration / scène d'intérieur - ITECOM Artdesign ,ITECOM ART DESIGN - PARIS,12 RUE DU QUATRE SEPTEMBRE 75002 PARIS France,12 RUE DU QUATRE SEPTEMBRE,75002 PARIS,France,01 58 62 51 51,contact@itecom-artdesign.com
EMBA (ECOLE DE MANAGEMENT BRETAGNE ATLANTIQUE) ,EMBA Campus ISUGA,Campus Creach Gwen 1 av plage des Gueux 29000 QUIMPER France,Campus Creach Gwen,1 av plage des Gueux,29000 QUIMPER,02 98 10 16 16,contact@emba-bs.com
Le Grand Diplôme - Le Cordon Bleu Paris ,Le Cordon Bleu Paris - Paris,13-15 Quai André Citroën 75015 Paris France,13-15 Quai André Citroën,75015 Paris,France,01 85 65 15 00,paris@cordonbleu.edu
Chambre de métiers et de l'artisanat Hauts-de-France (Centre de formation d’apprentis - Chambre de métiers et de l’artisanat du Nord) ,Chambre de métiers et de l'artisanat Hauts-de-France - AMIENS,33 rue de Québec 80000 AMIENS France,33 rue de Québec,80000 AMIENS,France,09 72 72 72 07,contact@cma-hautsdefrance.fr
Chambre de métiers et de l'artisanat Hauts-de-France (Centre de formation d’apprentis - Chambre de métiers et de l’artisanat du Nord) ,Arras EIFFEL,7 rue Gustave Eiffel 62000 ARRAS France,7 rue Gustave Eiffel,62000 ARRAS,France,09 72 72 72 07,contact@cma-hautsdefrance.fr
Chambre de métiers et de l'artisanat Hauts-de-France (Centre de formation d’apprentis - Chambre de métiers et de l’artisanat du Nord) ,Chambre de métiers et de l'artisanat Hauts-de-France - BEAUVAIS,PAE du Tilloy 3 rue Léonard de Vinci 60000 BEAUVAIS France,PAE du Tilloy 3 rue Léonard de Vinci,60000 BEAUVAIS,France,09 72 72 72 07,contact@cma-hautsdefrance.fr
Chambre de métiers et de l'artisanat Hauts-de-France (Centre de formation d’apprentis - Chambre de métiers et de l’artisanat du Nord) ,Chambre de métiers et de l'artisanat Hauts-de-France - CAUDRY,Rue de l’Université des Métiers 59540 CAUDRY France,Rue de l’Université des Métiers,59540 CAUDRY,France,09 72 72 72 07,contact@cma-hautsdefrance.fr
Chambre de métiers et de l'artisanat Hauts-de-France (Centre de formation d’apprentis - Chambre de métiers et de l’artisanat du Nord) ,Chambre de métiers et de l'artisanat Hauts-de-France - COMPIEGNE,1bis rue Joseph Cugnot 60200 COMPIEGNE France,1bis rue Joseph Cugnot,60200 COMPIEGNE,France,09 72 72 72 07,contact@cma-hautsdefrance.fr
Chambre de métiers et de l'artisanat Hauts-de-France (Centre de formation d’apprentis - Chambre de métiers et de l’artisanat du Nord) ,Chambre de métiers et de l'artisanat Hauts-de-France - DUNKERQUE,214 rue du Contre-Torpilleur le Triomphant 59140 DUNKERQUE France,214 rue du Contre-Torpilleur le Triomphant,59140 DUNKERQUE,France,09 72 72 72 07,contact@cma-hautsdefrance.fr
Chambre de métiers et de l'artisanat Hauts-de-France (Centre de formation d’apprentis - Chambre de métiers et de l’artisanat du Nord) ,Chambre de métiers et de l'artisanat Hauts-de-France - LAON,30 rue d’Enfer 02000 LAON France,30 rue d’Enfer,02000 LAON,France,09 72 72 72 07,contact@cma-hautsdefrance.fr
Chambre de métiers et de l'artisanat Hauts-de-France (Centre de formation d’apprentis - Chambre de métiers et de l’artisanat du Nord) ,Chambre de métiers et de l'artisanat Hauts-de-France - ST MARTIN BOULOGNE,9 rue mont joie 62280 ST MARTIN BOULOGNE France,9 rue mont joie,62280 ST MARTIN BOULOGNE,France,09 72 72 72 07,contact@cma-hautsdefrance.fr
Chambre de métiers et de l'artisanat Hauts-de-France (Centre de formation d’apprentis - Chambre de métiers et de l’artisanat du Nord) ,Chambre de métiers et de l'artisanat Hauts-de-France - ST SAULVE,383 avenue des Arts et Métiers 59880 ST SAULVE France,383 avenue des Arts et Métiers,59880 ST SAULVE,France,09 72 72 72 07,contact@cma-hautsdefrance.fr
Chambre de métiers et de l'artisanat Hauts-de-France (Centre de formation d’apprentis - Chambre de métiers et de l’artisanat du Nord) ,Tourcoing CEFMA,171 chaussée Denis Papin 59200 TOURCOING France,171 chaussée Denis Papin,59200 TOURCOING,France,09 72 72 72 07,contact@cma-hautsdefrance.fr
UNIVERSITY OF ST ANDREWS ,UNIVERSITY OF ST ANDREWS - St Andrews,Admissions University of St Andrews 16 The Scores KY16 9AX St Andrews Royaume-Uni,Admissions,University of St Andrews,16 The Scores,+44 (0)1334 46 2150,admissions@st-andrews.ac.uk
CFA Bâtiment Limoges ,CFA Bâtiment Limoges - LIMOGES,86 allée du Moulin Rabaud 87100 LIMOGES France,86 allée du Moulin Rabaud,87100 LIMOGES,France,05 57 79 75 33,cfabat.limoges@construction-limousin.fr
MBA Finance - PPA ,PPA - PARIS,28-32 Rue de l'Amiral Mouchez 75014 PARIS France,28-32 Rue de l'Amiral Mouchez,75014 PARIS,France,01 40 79 02 90/91,cgrisel1@reseau-ges.fr
BTS Commerce International à Référentiel Européen - ENSEC ,ENC Nantes - Nantes,1 place de la Bourse 44000 Nantes France,1 place de la Bourse,44000 Nantes,France,02 40 48 41 13,admin@ensec.fr
Institut Catholique de Paris - ICP ,Institut Catholique de Paris - ICP - PARIS CEDEX 06,21 rue d'Assas 75270 PARIS CEDEX 06 France,21 rue d'Assas,75270 PARIS CEDEX 06,France,01 44 39 52 00,hub@icp.fr
ISCOD ,ISCOD,1300 Route des Crêtes 06560 VALBONNE (SOPHIA ANTIPOLIS) France,1300 Route des Crêtes,06560 VALBONNE (SOPHIA ANTIPOLIS),France,01 88 24 66 99,infos@iscod.fr
ISCOD ,ISCOD,Multiparc du Jubin - Bât C 27 chemin des Peupliers 69570 DARDILLY France,Multiparc du Jubin - Bât C,27 chemin des Peupliers,69570 DARDILLY,0188246699,infos@iscod.fr
Pôle formation UIMM Grand Ouest Normandie (CFAI Grand Ouest Normandie) ,Pôle formation UIMM Grand Ouest Normandie - CAEN,12 rue Professeur Joseph Rousselot 14000 CAEN France,12 rue Professeur Joseph Rousselot,14000 CAEN,France,02 31 46 77 11,candidature@fibn.fr
Programme Business et Management - ISG ,ISG Paris Ouest,8 rue de Lota 75116 PARIS France,8 rue de Lota,75116 PARIS,France,01 56 26 26 26,admission@isg.fr
Programme Business et Management - ISG ,ISG Bordeaux,85 Rue du Jardin public 33000 BORDEAUX France,85 Rue du Jardin public,33000 BORDEAUX,France,05 57 87 72 25,bordeaux.bm@isg.fr
Programme Business et Management - ISG ,ISG Lille,60 boulevard de la Liberté 59800 LILLE France,60 boulevard de la Liberté,59800 LILLE,France,03 20 15 84 42,lille.bm@isg.fr
Programme Business et Management - ISG ,ISG Lyon,6 place Saint-Nizier 69003 LYON France,6 place Saint-Nizier,69003 LYON,France,04 78 62 16 53,lyon.bm@isg.fr
Programme Business et Management - ISG ,ISG Montpellier,3 place Paul Bec 34000 MONTPELLIER France,3 place Paul Bec,34000 MONTPELLIER,France,04 99 64 91 45,montpellier@isg-luxury.fr????
Programme Business et Management - ISG ,ISG Nantes,15 rue Lamoricière 44000 NANTES France,15 rue Lamoricière,44000 NANTES,France,02 57 22 08 00,admission@isg.fr
Programme Business et Management - ISG ,ISG Nice,13 rue Saint-François de Paule 6300 NICE France,13 rue Saint-François de Paule,6300 NICE,France,04 93 53 36 70,cecile.dimitriadis@isg-luxury.fr
Programme Business et Management - ISG ,ISG Paris 15,40 rue du Docteur Roux 75015 PARIS France,40 rue du Docteur Roux,75015 PARIS,France,,admissionmsc@isg.fr
Programme Business et Management - ISG ,ISG Strasbourg,5 rue Gustave Adolphe Hirn 67000 STRASBOURG France,5 rue Gustave Adolphe Hirn,67000 STRASBOURG,France,03 90 22 14 55,strasbourg.bm@isg.fr
Programme Business et Management - ISG ,ISG Toulouse,14 Rue Claire Pauilhac 31000 TOULOUSE France,14 Rue Claire Pauilhac,31000 TOULOUSE,France,05 61 62 36 16,toulouse.bm@isg.fr
Bac Pro Technicien en Chaudronnerie Industrielle - CFAI Languedoc-Roussillon ,POLE FORMATION UIMM BAILLARGUES,"ZA Aftalion Station M - 14, rue François Perroux CS 90028 34670 BAILLARGUES France",ZA Aftalion,"Station M - 14, rue François Perroux",CS 90028,04 67 69 75 50,recrutement-alternance@formation-industries-lr.fr
Bac Pro Technicien en Chaudronnerie Industrielle - CFAI Languedoc-Roussillon ,POLE FORMATION UIMM LAUDUN L'ARDOISE,385 rue Henri Moissan 30290 LAUDUN L ARDOISE France,385 rue Henri Moissan,30290 LAUDUN L ARDOISE,France,04 67 69 75 50,recrutement-alternance@formation-industries-lr.fr
Ecole du comédien ,Ecole du Comédien de Reims,28G boulevard Joffre 51100 REIMS France,28G boulevard Joffre,51100 REIMS,France,07 49 91 98 96,accueil@ecole-du-comedien.com
Groupe ESG ,ESG à Tours,44 avenue Jean Portalis 37200 TOURS France,44 avenue Jean Portalis,37200 TOURS,France,0972629700,tours@esg.fr
BTS Professions Immobilières - Cerfal ,CFA Cerfal - Paris,15 rue Sarrette 75014 Paris France,15 rue Sarrette,75014 Paris,France,01 40 52 28 70,contact@cerfal.fr
UNIVERSITY OF ST ANDREWS ,UNIVERSITY OF ST ANDREWS - St Andrews,Admissions University of St Andrews 16 The Scores KY16 9AX St Andrews Royaume-Uni,Admissions,University of St Andrews,16 The Scores,+44 (0)1334 46 2150,admissions@st-andrews.ac.uk
Institut Rose Carmin ,Rose Carmin Toulouse,253 avenue de Muret 31300 TOULOUSE France,253 avenue de Muret,31300 TOULOUSE,France,0562200804,31@rosecarmin.fr
Institut Rose Carmin ,Rose Carmin Bordeaux,Tour Horizon 2 11 terrasse du Front Médoc 33000 BORDEAUX France,Tour Horizon 2,11 terrasse du Front Médoc,33000 BORDEAUX,0535542111,31@rosecarmin.fr
Institut Rose Carmin ,Rose Carmin Lille,24 bis rue Gantois 59000 LILLE France,24 bis rue Gantois,59000 LILLE,France,0320749040,31@rosecarmin.fr
Institut Rose Carmin ,Rose Carmin Lyon,"55 rue Baraban 55, rue Baraban 69003 LYON France",55 rue Baraban,"55, rue Baraban",69003 LYON,0561211319,31@groupe-adonis.fr
Institut Rose Carmin ,Rose Carmin Montpellier,22 rue Frederic Peyson 34000 MONTPELLIER France,22 rue Frederic Peyson,34000 MONTPELLIER,France,0467639359,31@rosecarmin.fr
Institut Rose Carmin ,Rose Carmin Nantes,1 bis rue du Charron 44800 ST HERBLAIN France,1 bis rue du Charron,44800 ST HERBLAIN,France,,31@rosecarmin.fr
Institut Rose Carmin ,Rose Carmin Paris,2 Rue de la Vanne 92120 Montrouge France,2 Rue de la Vanne,92120 Montrouge,France,,31@rosecarmin.fr
Institut Rose Carmin ,Rose Carmin Rennes,12 rue Redon 35000 RENNES France,12 rue Redon,35000 RENNES,France,,31@rosecarmin.fr
UCO (Université catholique de l'Ouest) ,UCO Laval,25 rue du Mans 53000 LAVAL France,25 rue du Mans,53000 LAVAL,France,02 43 64 36 64,uco@ucolaval.net
"Licence Pro. Assurance, banque, finance - IUT de Toulon ",IUT TOULON,Bât. A Avenue de l'université 83130 LA GARDE France,Bât. A,Avenue de l'université,83130 LA GARDE,04 94 14 22 03,scolarite.iut@univ-tln.fr
MMI Déco ,MMI Déco - PARIS,5 Rue Dubrunfaut 75012 PARIS France,5 Rue Dubrunfaut,75012 PARIS,France,0182097177,contact@mmi-deco.com
"BTS Hôtellerie - Restauration Option Art Culinaire, Art de la Table et du Service - Ecole Grégoire Ferrandi ",FERRANDI Paris - PARIS,28 rue de l'Abbé Grégoire 75006 PARIS France,28 rue de l'Abbé Grégoire,75006 PARIS,France,01 49 54 28 00,contact@ferrandi-paris.fr
"BTS Hôtellerie - Restauration Option Art Culinaire, Art de la Table et du Service - Ecole Grégoire Ferrandi ",FERRANDI Paris - Campus de Saint Gratien,17 BD PASTEUR 95210 ST GRATIEN France,17 BD PASTEUR,95210 ST GRATIEN,France,01 34 05 17 60,campus-saintgratien@ferrandi-paris.fr
ASPECT AQUITAINE ,UFA Saint Jean,26 rue Eugène Varlin 87016 LIMOGES CEDEX 1 (FEYTIAT) France,26 rue Eugène Varlin,87016 LIMOGES CEDEX 1 (FEYTIAT),France,,stjean@chdf.fr
ASPECT AQUITAINE ,UFA Saint Michel Blanquefort,"20, avenue du Général de Gaulle 33290 BLANQUEFORT France","20, avenue du Général de Gaulle",33290 BLANQUEFORT,France,,b.perroy@lycee-saintmichel33.com
IAE Caen (Ecole Universitaire de Management) ,IAE Caen - Caen,3 et 19 rue Claude Bloch 14000 Caen France,3 et 19 rue Claude Bloch,14000 Caen,France,02 31 56 65 00,iae@unicaen.fr
Biotechnologies et Management - Ionis-STM ,Ionis-STM - IVRY SUR SEINE,"15, rue Maurice Grandcoing 94200 IVRY SUR SEINE France","15, rue Maurice Grandcoing",94200 IVRY SUR SEINE,France,01 53 14 59 29,contact@ionis-stm.com
Campus du Lac ,Campus du Lac : Campus de Bordeaux,10 rue René Cassin Bordeaux 33300 BORDEAUX France,10 rue René Cassin,Bordeaux,33300 BORDEAUX,0556795200,contact@campusdulac.com
Mastère RH en mobilité internationale - ESGRH ,ESGRH - PARIS,181 Rue de Charonne 75011 PARIS France,181 Rue de Charonne,75011 PARIS,France,01 40 09 09 57,admissions@esgrh.fr
Centre Gustave Eiffel ,Suresnes,67 Rue de Verdun 92150 SURESNES France,67 Rue de Verdun,92150 SURESNES,France,,centre.gustave.eiffel@centre-gustave-eiffel.com
ASPECT AQUITAINE ,UFA Sainte-Marie Bastide,45 rue de Dijon CS 41195 33072 BORDEAUX CEDEX France,45 rue de Dijon,CS 41195,33072 BORDEAUX CEDEX,05 57 50 12 00,bastideformation@smb33.fr
FERRANDI Paris (L'école française de gastronomie et de management hôtelier) ,FERRANDI Paris - PARIS,28 rue de l'Abbé Grégoire 75006 PARIS France,28 rue de l'Abbé Grégoire,75006 PARIS,France,01 49 54 28 00,contact@ferrandi-paris.fr
FERRANDI Paris (L'école française de gastronomie et de management hôtelier) ,FERRANDI Paris - Campus de Saint Gratien,17 BD PASTEUR 95210 ST GRATIEN France,17 BD PASTEUR,95210 ST GRATIEN,France,01 34 05 17 60,campus-saintgratien@ferrandi-paris.fr
DE Conseiller en économie sociale et familiale - ISM Cadenelle ,La Cadenelle,134 boulevard des Libérateurs CS 80105 13376 MARSEILLE CEDEX 12 France,134 boulevard des Libérateurs,CS 80105,13376 MARSEILLE CEDEX 12,04 91 18 10 50,info@cadenelle.com
Préparation à l'entrée en Institut de Formation en Masso-Kinésithérapie (IFMK) - MMPP ,MMPP - Bordeaux,29 rue de l'Ecole Normale 33200 Bordeaux France,29 rue de l'Ecole Normale,33200 Bordeaux,France,05 56 08 70 70,medformation@mmpp.fr
Licence Pro. Commerce spécialité Organisation et gestion des achats - IUT d'Aix-Marseille ,IUT d'AIX-MARSEILLE,413 avenue Gaston Berger 13625 AIX EN PROVENCE CEDEX 1 France,413 avenue Gaston Berger,13625 AIX EN PROVENCE,CEDEX 1,04.13.94.63.00,
UCO (Université catholique de l'Ouest) ,UCO Guingamp,37 Rue du Maréchal Foch BP 90431 22204 GUINGAMP CEDEX France,37 Rue du Maréchal Foch,BP 90431,22204 GUINGAMP,02 96 44 46 46,ucobn@uco.fr
Global Training Formation ,Organisme de formation,4 Rue Louis Armand (Aquaboulevard de Paris) 4-6 rue Louis armand 75015 PARIS France,4 Rue Louis Armand (Aquaboulevard de Paris),4-6 rue Louis armand,75015 PARIS,0144263989,contact@globaltraining-formation.fr
Campus Montsouris ,CAMPUS MONTSOURIS,2 rue Lacaze 75014 PARIS France,2 rue Lacaze,75014 PARIS,France,01 40 52 28 70,contact@campusmontsouris.fr
Université Toulouse 1 - Capitole ,Manufacture des tabacs,21 allée de Brienne 31042 TOULOUSE CEDEX 9 France,21 allée de Brienne,31042 TOULOUSE CEDEX 9,France,05 61 63 37 01,service.foad@ut-capitole.fr
Maestris BTS (Réseau d'écoles supérieures) ,Maestris BTS- Lille,50 allée de Safed 59777 LILLE (EURALILLE) France,50 allée de Safed,59777 LILLE (EURALILLE),France,03 20 06 74 53,lille@maestris.com
Maestris BTS (Réseau d'écoles supérieures) ,Maestris BTS - Toulon,10 rue Truguet 83000 TOULON France,10 rue Truguet,83000 TOULON,France,04 94 92 32 84,toulon@maestris.com
Maestris BTS (Réseau d'écoles supérieures) ,MAESTRIS BTS LYON,53 Cours Albert Thomas 69003 LYON France,53 Cours Albert Thomas,69003 LYON,France,04 26 29 01 73,lyon@maestris.com
Maestris BTS (Réseau d'écoles supérieures) ,Maestris BTS- Aix-en-Provence,684 avenue du Club Hippique 13090 AIX EN PROVENCE France,684 avenue du Club Hippique,13090 AIX EN PROVENCE,France,04 42 95 18 65,aix-en-pce@maestris.com
Maestris BTS (Réseau d'écoles supérieures) ,Maestris BTS- Grenoble,6 rue Irvoy 38100 GRENOBLE France,6 rue Irvoy,38100 GRENOBLE,France,04 76 46 90 59,grenoble@maestris.com
Maestris BTS (Réseau d'écoles supérieures) ,Maestris BTS- Nantes,10/12 rue René Viviani 44200 NANTES France,10/12 rue René Viviani,44200 NANTES,France,06 13 96 49 95,nantes@maestris.com
Maestris BTS (Réseau d'écoles supérieures) ,Maestris BTS- Paris,11-13 rue Camille Pelletan 92120 MONTROUGE France,11-13 rue Camille Pelletan,92120 MONTROUGE,France,01 41 17 12 12,paris@maestris.com
Maestris BTS (Réseau d'écoles supérieures) ,Maestris BTS- Reims,46 rue de la Justice 51100 REIMS France,46 rue de la Justice,51100 REIMS,France,03 51 25 10 70,reims@maestris.com
Maestris BTS (Réseau d'écoles supérieures) ,Maestris BTS- Toulouse,22 Impasse Charles Fourier 31200 TOULOUSE France,22 Impasse Charles Fourier,31200 TOULOUSE,France,06 35 15 50 00,toulouse@maestris.com
CAMAS (Formations Aéroportuaires) ,CAMAS Roissy CDG ( Siège),ZA Charles-de-Gaulle 7 impasse Nicéphore Niépce 93297 TREMBLAY EN FRANCE CEDEX France,ZA Charles-de-Gaulle,7 impasse Nicéphore Niépce,93297 TREMBLAY EN FRANCE CEDEX,01 56 48 09 10,camasacademy@appcamas.com
CAMAS (Formations Aéroportuaires) ,CAMAS Bordeaux,Parc Airial 28 avenue Ariane 33700 MERIGNAC France,Parc Airial,28 avenue Ariane,33700 MERIGNAC,05 56 18 98 16,camasbordeaux@camasformation.fr
CAMAS (Formations Aéroportuaires) ,CAMAS Guadeloupe,"au dessus d'AXA ASSURANCE Immeuble SAMOA, Voie verte 97122 BAIE MAHAULT France",au dessus d'AXA ASSURANCE,"Immeuble SAMOA, Voie verte",97122 BAIE MAHAULT,05 90 94 06 14,camas-ptp@appcamas.com
CAMAS (Formations Aéroportuaires) ,CAMAS Guyane,950 ave. Gaston Monnerville 97354 REMIRE MONTJOLY France,950 ave. Gaston Monnerville,97354 REMIRE MONTJOLY,France,0594 80 00 20,camasguyane@camasformation.fr
CAMAS (Formations Aéroportuaires) ,CAMAS Lille,340 Av. de la Marne 59290 WASQUEHAL France,340 Av. de la Marne,59290 WASQUEHAL,France,03.20.24.58.06,camaslille@camasformation.fr
CAMAS (Formations Aéroportuaires) ,CAMAS Lyon Centre,CAT SUD 68 Cours Albert Thomas 69008 LYON France,CAT SUD,68 Cours Albert Thomas,69008 LYON,04.26.83.63.36,camaslyon@camasformation.fr
CAMAS (Formations Aéroportuaires) ,CAMAS Lyon Saint-Exupéry,ZAC Satolas Green Bâtiment l’Archer 69330 PUSIGNAN France,ZAC Satolas Green Bâtiment l’Archer,69330 PUSIGNAN,France,04 72 05 66 90,camaslyon@camasformation.fr
CAMAS (Formations Aéroportuaires) ,CAMAS Marseille aéroport,Bâtiment E83 Plateforme Aéroport Marseille Provence 13700 MARIGNANE France,Bâtiment E83 Plateforme Aéroport,Marseille Provence,13700 MARIGNANE,04 42 09 05 63,commercial-mrs@camasformation.fr
CAMAS (Formations Aéroportuaires) ,CAMAS Martinique,Lot. 1 - Z.A. Manhity Imm. SFR 97232 LE LAMENTIN France,Lot. 1 - Z.A. Manhity Imm. SFR,97232 LE LAMENTIN,France,05 96 77 49 06,administration-fdf@camasformation.fr
CAMAS (Formations Aéroportuaires) ,CAMAS Mayotte,Place du marché Immeuble Le Mahaba 97600 MAMOUDZOU France,Place du marché,Immeuble Le Mahaba,97600 MAMOUDZOU,02 69 51 28 45,camasmayotte@camasformation.fr
